{
	"info": {
		"_postman_id": "c813c161-0405-46c3-9132-b9532876c430",
		"name": "Api",
		"schema": "https://schema.getpostman.com/json/collection/v2.1.0/collection.json",
		"_exporter_id": "185797"
	},
	"item": [
		{
			"name": "Account",
			"item": [
				{
					"name": "signin",
					"request": {
						"method": "POST",
						"header": [],
						"body": {
							"mode": "raw",
							"raw": "{\r\n    \"email\": \"admin@email.com\",\r\n    \"password\": \"Admin!\"\r\n    // \"email\": \"ta@email.com\",\r\n    // \"password\": \"User!\"\r\n}",
							"options": {
								"raw": {
									"language": "json"
								}
							}
						},
						"url": {
							"raw": "{{uri}}/api/account/signin",
							"host": [
								"{{uri}}"
							],
							"path": [
								"api",
								"account",
								"signin"
							]
						}
					},
					"response": []
				},
				{
					"name": "signup",
					"request": {
						"method": "POST",
						"header": [],
						"body": {
							"mode": "raw",
							"raw": "{\r\n  \"email\": \"utaa@email.com\",\r\n  \"fullName\": \"User 1 TAA\",\r\n  \"password\": \"User!\",\r\n  \"tenantId\": 5\r\n}",
							"options": {
								"raw": {
									"language": "json"
								}
							}
						},
						"url": {
							"raw": "{{uri}}/api/account/signup",
							"host": [
								"{{uri}}"
							],
							"path": [
								"api",
								"account",
								"signup"
							]
						}
					},
					"response": []
				}
			]
		},
		{
			"name": "ProductManagement",
			"item": [
				{
					"name": "Category",
					"item": [
						{
							"name": "Add",
							"request": {
								"auth": {
									"type": "bearer",
									"bearer": [
										{
											"key": "token",
											"value": "{{token}}",
											"type": "string"
										}
									]
								},
								"method": "POST",
								"header": [],
								"body": {
									"mode": "raw",
									"raw": "{\r\n  \"name\": \"acme b\"\r\n}",
									"options": {
										"raw": {
											"language": "json"
										}
									}
								},
								"url": {
									"raw": "{{uri}}/api/category",
									"host": [
										"{{uri}}"
									],
									"path": [
										"api",
										"category"
									]
								}
							},
							"response": []
						},
						{
							"name": "get all",
							"request": {
								"auth": {
									"type": "bearer",
									"bearer": [
										{
											"key": "token",
											"value": "{{token}}",
											"type": "string"
										}
									]
								},
								"method": "GET",
								"header": [],
								"url": {
									"raw": "{{uri}}/api/category",
									"host": [
										"{{uri}}"
									],
									"path": [
										"api",
										"category"
									]
								}
							},
							"response": []
						},
						{
							"name": "get by id",
							"request": {
								"auth": {
									"type": "bearer",
									"bearer": [
										{
											"key": "token",
											"value": "{{token}}",
											"type": "string"
										}
									]
								},
								"method": "GET",
								"header": [],
								"url": {
									"raw": "{{uri}}/api/category/1",
									"host": [
										"{{uri}}"
									],
									"path": [
										"api",
										"category",
										"1"
									]
								}
							},
							"response": []
						},
						{
							"name": "Update",
							"request": {
								"auth": {
									"type": "bearer",
									"bearer": [
										{
											"key": "token",
											"value": "{{token}}",
											"type": "string"
										}
									]
								},
								"method": "PUT",
								"header": [],
								"body": {
									"mode": "raw",
									"raw": "{\r\n  \"name\": \"acme a updated\"\r\n}",
									"options": {
										"raw": {
											"language": "json"
										}
									}
								},
								"url": {
									"raw": "{{uri}}/api/category/1",
									"host": [
										"{{uri}}"
									],
									"path": [
										"api",
										"category",
										"1"
									]
								}
							},
							"response": []
						},
						{
							"name": "delete",
							"request": {
								"auth": {
									"type": "bearer",
									"bearer": [
										{
											"key": "token",
											"value": "{{token}}",
											"type": "string"
										}
									]
								},
								"method": "DELETE",
								"header": [],
								"url": {
									"raw": "{{uri}}/api/category/9",
									"host": [
										"{{uri}}"
									],
									"path": [
										"api",
										"category",
										"9"
									]
								}
							},
							"response": []
						}
					]
				},
				{
					"name": "Product",
					"item": [
						{
							"name": "Add",
							"request": {
								"auth": {
									"type": "bearer",
									"bearer": [
										{
											"key": "token",
											"value": "{{token}}",
											"type": "string"
										}
									]
								},
								"method": "POST",
								"header": [],
								"body": {
									"mode": "raw",
									"raw": "{\r\n  \"name\": \"Product acme\",\r\n  \"description\": \"A product b from category b\",\r\n  //\"categoryId\": 2\r\n}",
									"options": {
										"raw": {
											"language": "json"
										}
									}
								},
								"url": {
									"raw": "{{uri}}/api/product",
									"host": [
										"{{uri}}"
									],
									"path": [
										"api",
										"product"
									]
								}
							},
							"response": []
						},
						{
							"name": "get all",
							"request": {
								"auth": {
									"type": "bearer",
									"bearer": [
										{
											"key": "token",
											"value": "{{token}}",
											"type": "string"
										}
									]
								},
								"method": "GET",
								"header": [],
								"url": {
									"raw": "{{uri}}/api/product",
									"host": [
										"{{uri}}"
									],
									"path": [
										"api",
										"product"
									]
								}
							},
							"response": []
						},
						{
							"name": "get by id",
							"request": {
								"auth": {
									"type": "bearer",
									"bearer": [
										{
											"key": "token",
											"value": "{{token}}",
											"type": "string"
										}
									]
								},
								"method": "GET",
								"header": [],
								"url": {
									"raw": "{{uri}}/api/product/1",
									"host": [
										"{{uri}}"
									],
									"path": [
										"api",
										"product",
										"1"
									]
								}
							},
							"response": []
						},
						{
							"name": "Update",
							"request": {
								"auth": {
									"type": "bearer",
									"bearer": [
										{
											"key": "token",
											"value": "{{token}}",
											"type": "string"
										}
									]
								},
								"method": "PUT",
								"header": [],
								"body": {
									"mode": "raw",
									"raw": "{    \r\n    \"name\": \"Product A\",\r\n    \"description\": \"A product A from category A\",\r\n    \"categoryId\": 1, \r\n}",
									"options": {
										"raw": {
											"language": "json"
										}
									}
								},
								"url": {
									"raw": "{{uri}}/api/product/2",
									"host": [
										"{{uri}}"
									],
									"path": [
										"api",
										"product",
										"2"
									]
								}
							},
							"response": []
						},
						{
							"name": "delete",
							"request": {
								"auth": {
									"type": "bearer",
									"bearer": [
										{
											"key": "token",
											"value": "{{token}}",
											"type": "string"
										}
									]
								},
								"method": "DELETE",
								"header": [],
								"url": {
									"raw": "{{uri}}/api/product/1",
									"host": [
										"{{uri}}"
									],
									"path": [
										"api",
										"product",
										"1"
									]
								}
							},
							"response": []
						}
					]
				}
			]
		},
		{
			"name": "TenantManagement",
			"item": [
				{
					"name": "Add",
					"request": {
						"auth": {
							"type": "bearer",
							"bearer": [
								{
									"key": "token",
									"value": "{{token}}",
									"type": "string"
								}
							]
						},
						"method": "POST",
						"header": [],
						"body": {
							"mode": "raw",
							"raw": "{\r\n  \"name\": \"B\",\r\n  \"parentId\": 1\r\n}",
							"options": {
								"raw": {
									"language": "json"
								}
							}
						},
						"url": {
							"raw": "{{uri}}/api/Tenant",
							"host": [
								"{{uri}}"
							],
							"path": [
								"api",
								"Tenant"
							]
						}
					},
					"response": []
				},
				{
					"name": "get all",
					"request": {
						"auth": {
							"type": "bearer",
							"bearer": [
								{
									"key": "token",
									"value": "{{token}}",
									"type": "string"
								}
							]
						},
						"method": "GET",
						"header": [],
						"url": {
							"raw": "{{uri}}/api/Tenant",
							"host": [
								"{{uri}}"
							],
							"path": [
								"api",
								"Tenant"
							]
						}
					},
					"response": []
				},
				{
					"name": "get by id",
					"request": {
						"auth": {
							"type": "bearer",
							"bearer": [
								{
									"key": "token",
									"value": "{{token}}",
									"type": "string"
								}
							]
						},
						"method": "GET",
						"header": [],
						"url": {
							"raw": "{{uri}}/api/Tenant/2",
							"host": [
								"{{uri}}"
							],
							"path": [
								"api",
								"Tenant",
								"2"
							]
						}
					},
					"response": []
				},
				{
					"name": "Update",
					"request": {
						"auth": {
							"type": "bearer",
							"bearer": [
								{
									"key": "token",
									"value": "{{token}}",
									"type": "string"
								}
							]
						},
						"method": "PUT",
						"header": [],
						"body": {
							"mode": "raw",
							"raw": "{\r\n  \"name\": \"A1\"\r\n}",
							"options": {
								"raw": {
									"language": "json"
								}
							}
						},
						"url": {
							"raw": "{{uri}}/api/Tenant/2",
							"host": [
								"{{uri}}"
							],
							"path": [
								"api",
								"Tenant",
								"2"
							]
						}
					},
					"response": []
				},
				{
					"name": "delete",
					"request": {
						"auth": {
							"type": "bearer",
							"bearer": [
								{
									"key": "token",
									"value": "{{token}}",
									"type": "string"
								}
							]
						},
						"method": "DELETE",
						"header": [],
						"url": {
							"raw": "{{uri}}/api/Tenant/4",
							"host": [
								"{{uri}}"
							],
							"path": [
								"api",
								"Tenant",
								"4"
							]
						}
					},
					"response": []
				}
			]
		}
	]
}